6;622;BARISAL;বরিশাল;1;2017-02-04 05:47:13
7;622;CHITTAGONG;চট্টগ্রাম;1;2017-02-04 05:47:13
8;622;DHAKA;ঢাকা;1;2017-02-04 05:47:13
9;622;KHULNA;খুলনা;1;2017-02-04 05:47:13
10;622;RAJSHAHI;রাজশাহী;1;2017-02-04 05:47:13
11;622;RANGPUR;রংপুর;1;2017-02-04 05:47:13
12;622;SYLHET;সিলেট;1;2017-02-04 05:47:13
13;6;JHALAKATHI;ঝালকাঠি;1;2017-02-04 05:47:13
77;13;JHALAKATHI SADAR;ঝালকাঠি সদর;1;2017-02-04 05:47:13
78;13;KATHALIA;কাঠালিয়া;1;2017-02-04 05:47:13
79;13;NALCHHITY;নলছিটি;1;2017-02-04 05:47:13
80;13;RAJAPUR;রাজাপুর;1;2017-02-04 05:47:13
14;6;PIROJPUR;পিরোজপুর;1;2017-02-04 05:47:13
81;14;BHANDARIA;ভান্ডারিয়া;1;2017-02-04 05:47:13
82;14;KAWKHALI;কাউখালী;1;2017-02-04 05:47:13
83;14;MATHBARIA;মঠবাড়িয়া;1;2017-02-04 05:47:13
84;14;NAZIRPUR;নাজিরপুর;1;2017-02-04 05:47:13
85;14;PIROJPUR SADAR;পিরোজপুর সদর;1;2017-02-04 05:47:13
86;14;NESARABAD;নেছারাবাদ;1;2017-02-04 05:47:13
87;14;ZIANAGAR;জিয়ানগর;1;2017-02-04 05:47:13
15;6;BHOLA;ভোলা;1;2017-02-04 05:47:13
88;15;BHOLA SADAR;ভোলা সদর;1;2017-02-04 05:47:13
89;15;BORHANUDDIN;বোরহানউদ্দিন;1;2017-02-04 05:47:13
90;15;CHARFASSON;চরফ্যাশন;1;2017-02-04 05:47:13
91;15;DOULATKHAN;দৌলতখান;1;2017-02-04 05:47:13
92;15;LALMOHAN;লালমোহন;1;2017-02-04 05:47:13
93;15;MANPURA;মনপুরা;1;2017-02-04 05:47:13
94;15;TAZUMADDIN;তজুমদ্দিন;1;2017-02-04 05:47:13
16;6;BARISAL;বরিশাল;1;2017-02-04 05:47:13
95;16;AGOILJHARA;আগৈলঝাড়া;1;2017-02-04 05:47:13
96;16;BABUGONJ;বাবুগঞ্জ;1;2017-02-04 05:47:13
97;16;BAKERGONJ;বাকেরগঞ্জ;1;2017-02-04 05:47:13
98;16;BANARIPARA;বানারীপাড়া;1;2017-02-04 05:47:13
99;16;GOURNADI;গৌরনদী;1;2017-02-04 05:47:13
100;16;HIZLA;হিজলা;1;2017-02-04 05:47:13
101;16;BARISAL SADAR;বরিশাল সদর;1;2017-02-04 05:47:13
102;16;MEHENDIGONJ;মেহেন্দিগঞ্জ;1;2017-02-04 05:47:13
103;16;MULADI;মুলাদী;1;2017-02-04 05:47:13
104;16;UAJIRPUR;উজিরপুর;1;2017-02-04 05:47:13
17;6;BARGUNA;বরগুনা;1;2017-02-04 05:47:13
105;17;AMTALI;আমতলী;1;2017-02-04 05:47:13
106;17;BAMNA;বামনা;1;2017-02-04 05:47:13
107;17;BARGUNA SADAR;বরগুনা সদর;1;2017-02-04 05:47:13
108;17;BETAGI;বেতাগী;1;2017-02-04 05:47:13
109;17;PATHARGHATA;পাথরঘাটা;1;2017-02-04 05:47:13
110;17;TALTOLI;তালতলী;1;2017-02-04 05:47:13
18;6;PATUAKHALI;পটুয়াখালী;1;2017-02-04 05:47:13
111;18;BAUPHAL;বাউফল;1;2017-02-04 05:47:13
112;18;DASHMINA;দশমিনা;1;2017-02-04 05:47:13
113;18;DUMKI;দুমকী;1;2017-02-04 05:47:13
114;18;GALACHIPA;গলাচিপা;1;2017-02-04 05:47:13
115;18;KALAPARA;কলাপাড়া;1;2017-02-04 05:47:13
116;18;MIRZAGONJ;মির্জাগঞ্জ;1;2017-02-04 05:47:13
118;18;RANGABALI;রাংগাবালী;1;2017-02-04 05:47:13
19;7;KHAGRACHHORI;খাগড়াছড়ি;1;2017-02-04 05:47:13
119;19;DIGHINALA;দীঘিনালা;1;2017-02-04 05:47:13
120;19;KHAGRACHHORI;খাগড়াছড়ি;1;2017-02-04 05:47:13
121;19;LAKSHMICHHORI;লক্ষ্মীছড়ি;1;2017-02-04 05:47:13
122;19;MOHALCHHORI;মহালছড়ি;1;2017-02-04 05:47:13
123;19;MANIKCHHORI;মানিকছড়ি;1;2017-02-04 05:47:13
124;19;MATIRANGA;মাটিরাঙ্গা;1;2017-02-04 05:47:13
125;19;PANCHHORI;পানছড়ি;1;2017-02-04 05:47:13
126;19;RAMGAR;রামগড়;1;2017-02-04 05:47:13
20;7;NOAKHALI;নোয়াখালী;1;2017-02-04 05:47:13
127;20;BEGUMGONJ;বেগমগঞ্জ;1;2017-02-04 05:47:13
128;20;CHATKHIL;চাট্‌খিল;1;2017-02-04 05:47:13
129;20;COMPANIGONJ;কোম্পানীগঞ্জ;1;2017-02-04 05:47:13
130;20;HATIA;হাতিয়া;1;2017-02-04 05:47:13
131;20;KABIRHAT;কবিরহাট;1;2017-02-04 05:47:13
132;20;SENBAG;সেনবাগ;1;2017-02-04 05:47:13
133;20;SONAIMURI;সোনাইমুড়ী;1;2017-02-04 05:47:13
134;20;SUBARNACHAR;সুবর্ণচর;1;2017-02-04 05:47:13
135;20;NOAKHALI SADAR;নোয়াখালী সদর;1;2017-02-04 05:47:13
21;7;RANGAMATI P. ZILA;রাঙ্গামাটি পার্বত্য জেলা;1;2017-02-04 05:47:13
136;21;BAGHAICHHORI;বাঘাইছড়ি;1;2017-02-04 05:47:13
138;21;KAWKHALI;কাউখালী;1;2017-02-04 05:47:13
141;21;JURACHHORI;জুরাছড়ি;1;2017-02-04 05:47:13
142;21;LANGADU;লংগদু;1;2017-02-04 05:47:13
143;21;NANIARCHAR;নানিয়ারচর;1;2017-02-04 05:47:13
144;21;RAJASTHALI;রাজস্থালী;1;2017-02-04 05:47:13
145;21;RANGAMATI SADAR;রাঙ্গামাটি সদর;1;2017-02-04 05:47:13
22;7;FENI;ফেনী;1;2017-02-04 05:47:13
146;22;CHHAGALNAIA;ছাগলনাইয়া;1;2017-02-04 05:47:13
147;22;DAGANBHUIYAN;দাগনভূঞাঁ;1;2017-02-04 05:47:13
148;22;FENI SADAR;ফেনী সদর;1;2017-02-04 05:47:13
149;22;FULGAZI;ফুলগাজী;1;2017-02-04 05:47:13
150;22;PARSHURAM;পরশুরাম;1;2017-02-04 05:47:13
151;22;SONAGAZI;সোনাগাজী;1;2017-02-04 05:47:13
23;7;LAKSHMIPUR;লক্ষ্মীপুর;1;2017-02-04 05:47:13
153;23;LAKSHMIPUR SADAR;লক্ষ্ণীপুর সদর;1;2017-02-04 05:47:13
154;23;ROYPUR;রায়পুর;1;2017-02-04 05:47:13
155;23;RAMGONJ;রামগঞ্জ;1;2017-02-04 05:47:13
156;23;RAMGATI;রামগতী;1;2017-02-04 05:47:13
24;7;COXS BAZAR;কক্সবাজার;1;2017-02-04 05:47:13
157;24;CHAKARIA;চকরিয়া;1;2017-02-04 05:47:13
158;24;COXS BAZAR SADAR;কক্সবাজার সদর;1;2017-02-04 05:47:13
159;24;KUTUBDIA;কুতুবদিয়া;1;2017-02-04 05:47:13
160;24;MAHESHKHALI;মহেশখালী;1;2017-02-04 05:47:13
161;24;PEKUA;পেকুয়া;1;2017-02-04 05:47:13
162;24;RAMU;রামু;1;2017-02-04 05:47:13
163;24;TEKNAF;টেকনাফ;1;2017-02-04 05:47:13
164;24;UKHIA;উখিয়া;1;2017-02-04 05:47:13
25;7;COMILLA;কুমিল্লা;1;2017-02-04 05:47:13
165;25;BARURA;বরুড়া;1;2017-02-04 05:47:13
166;25;BRAHMANPARA;ব্রাহ্মনপাড়া;1;2017-02-04 05:47:13
167;25;BURICHONG;বুড়িচং;1;2017-02-04 05:47:13
168;25;CHANDINA;চান্দিনা;1;2017-02-04 05:47:13
169;25;CHOUDDAGRAM;চৌদ্দগ্রাম;1;2017-02-04 05:47:13
170;25;COMILLA SADAR DAKSHIN;কুমিল্লা সদর দক্ষিণ;1;2017-02-04 05:47:13
171;25;DAUDKANDI;দাউদকান্দি;1;2017-02-04 05:47:13
172;25;DEBIDWAR;দেবিদ্বার;1;2017-02-04 05:47:13
173;25;HOMNA;হোমনা;1;2017-02-04 05:47:13
174;25;ADARSHA SADAR COMILLA;আদর্শ সদর কুমিল্লা;1;2017-02-04 05:47:13
175;25;LAKSAM;লাকসাম;1;2017-02-04 05:47:13
176;25;MANOHARGONJ;মনোহরগঞ্জ;1;2017-02-04 05:47:13
177;25;MEGHNA;মেঘনা;1;2017-02-04 05:47:13
178;25;MURADNAGAR;মুরাদনগর;1;2017-02-04 05:47:13
179;25;NANGALKOT;নাঙ্গলকোট;1;2017-02-04 05:47:13
180;25;TITAS;তিতাস;1;2017-02-04 05:47:13
26;7;BANDARBAN;বান্দরবান;1;2017-02-04 05:47:13
181;26;ALIKADAM;আলীকদম;1;2017-02-04 05:47:13
182;26;BANDARBAN SADAR;বান্দরবান সদর;1;2017-02-04 05:47:13
183;26;LAMA;লামা;1;2017-02-04 05:47:13
184;26;NAIKHONGCHHARI;নাইক্ষ্যংছড়ি;1;2017-02-04 05:47:13
185;26;ROWANGCHHARI;রোয়াংছড়ি;1;2017-02-04 05:47:13
27;7;BRAHMANBARIA;ব্রাহ্মনবাড়িয়া;1;2017-02-04 05:47:13
188;27;AKHAURA;আখাউড়া;1;2017-02-04 05:47:13
189;27;BANCHHARAMPUR;বাঞ্ছারামপুর;1;2017-02-04 05:47:13
191;27;BRAHMANBARIA SADAR;ব্রাক্ষ্মণবাড়িয়া সদর;1;2017-02-04 05:47:13
192;27;ASHUGONJ;আশুগঞ্জ;1;2017-02-04 05:47:13
193;27;KASBA;কসবা;1;2017-02-04 05:47:13
194;27;NABINAGAR;নবীনগর;1;2017-02-04 05:47:13
195;27;NASIRNAGAR;নাসিরনগর;1;2017-02-04 05:47:13
196;27;SARAIL;সরাইল;1;2017-02-04 05:47:13
28;7;CHANDPUR;চাঁদপুর;1;2017-02-04 05:47:13
197;28;CHANDPUR SADAR;চাঁদপুর সদর;1;2017-02-04 05:47:13
198;28;FARIDGONJ;ফরিদগঞ্জ;1;2017-02-04 05:47:13
199;28;HAIMCHAR;হাইমচর;1;2017-02-04 05:47:13
200;28;HAJIGONJ;হাজীগঞ্জ;1;2017-02-04 05:47:13
201;28;KACHUA;কচুয়া;1;2017-02-04 05:47:13
202;28;MATLAB DAKSHIN;মতলব দক্ষিণ;1;2017-02-04 05:47:13
203;28;MATLAB UTTAR;মতলব উত্তর;1;2017-02-04 05:47:13
204;28;SHAHRASTI;শাহরাস্তি;1;2017-02-04 05:47:13
29;7;CHITTAGONG;চট্টগ্রাম;1;2017-02-04 05:47:13
205;29;ANOWARA;আনোয়ারা;1;2017-02-04 05:47:13
207;29;BANSHKHALI;বাঁশখালী;1;2017-02-04 05:47:13
209;29;BOYALKHALI;বোয়ালখালী;1;2017-02-04 05:47:13
210;29;CHANDANAISH;চান্দনাইশ;1;2017-02-04 05:47:13
214;29;FATIKCHHORI;ফটিকছড়ি;1;2017-02-04 05:47:13
216;29;HATHAZARI;হাটহাজারী;1;2017-02-04 05:47:13
219;29;LOHAGARA;লোহাগাড়া;1;2017-02-04 05:47:13
220;29;MIRSARAI;মীরসরাই;1;2017-02-04 05:47:13
223;29;PATIA;পটিয়া;1;2017-02-04 05:47:13
225;29;RANGUNIA;রাঙ্গুনিয়া;1;2017-02-04 05:47:13
226;29;RAOZAN;রাউজান;1;2017-02-04 05:47:13
227;29;SANDWIP;সন্দ্বীপ;1;2017-02-04 05:47:13
228;29;SATKANIA;সাতকানিয়া;1;2017-02-04 05:47:13
229;29;SITAKUNDA;সীতাকুন্ড;1;2017-02-04 05:47:13
30;667;MYMENSINGH;ময়মনসিংহ;1;2017-02-04 05:47:13
230;30;BHALUKA;ভালুকা;1;2017-02-04 05:47:13
231;30;DHOBAURA;ধোবাউড়া;1;2017-02-04 05:47:13
232;30;FULBARIA;ফুলবাড়ীয়া;1;2017-02-04 05:47:13
233;30;GAFARGAON;গফরগাঁও;1;2017-02-04 05:47:13
234;30;GOURIPUR;গৌরীপুর;1;2017-02-04 05:47:13
235;30;HALUAGHAT;হালুয়াঘাট;1;2017-02-04 05:47:13
236;30;ISHWARGONJ;ঈশ্বরগঞ্জ;1;2017-02-04 05:47:13
237;30;MYMENSINGH SADAR;ময়মনসিংহ সদর;1;2017-02-04 05:47:13
238;30;MUKTAGACHHA;মুক্তাগাছা;1;2017-02-04 05:47:13
239;30;NANDAIL;নান্দাইল;1;2017-02-04 05:47:13
240;30;FULPUR;ফুলপুর;1;2017-02-04 05:47:13
241;30;TARAKANDA;তারাকান্দা;1;2017-02-04 05:47:13
242;30;TRISHAL;ত্রিশাল;1;2017-02-04 05:47:13
31;8;KISHORGONJ;কিশোরগঞ্জ;1;2017-02-04 05:47:13
243;31;AUSTAGRAM;অষ্টগ্রাম;1;2017-02-04 05:47:13
244;31;BAJITPUR;বাজিতপুর;1;2017-02-04 05:47:13
245;31;BHOIRAB;ভৈরব;1;2017-02-04 05:47:13
246;31;HOSSAINPUR;হোসেনপুর;1;2017-02-04 05:47:13
247;31;ITNA;ইটনা;1;2017-02-04 05:47:13
248;31;KARIMGONJ;করিমগঞ্জ;1;2017-02-04 05:47:13
249;31;KATIADI;কটিয়াদী;1;2017-02-04 05:47:13
250;31;KISHORGONJ SADAR;কিশোরগঞ্জ সদর;1;2017-02-04 05:47:13
251;31;KULIARCHAR;কুলিয়ারচর;1;2017-02-04 05:47:13
252;31;MITHAMAIN;মিঠামইন;1;2017-02-04 05:47:13
253;31;NIKLI;নিকলী;1;2017-02-04 05:47:13
254;31;PAKUNDIA;পাকুন্দিয়া;1;2017-02-04 05:47:13
32;8;NARAYANGONJ;নারায়নগঞ্জ;1;2017-02-04 05:47:13
256;32;ARAIHAZAR;আড়াইহাজার;1;2017-02-04 05:47:13
257;32;SONARGAON;সোনারগাঁও;1;2017-02-04 05:47:13
258;32;BANDAR;বন্দর;1;2017-02-04 05:47:13
259;32;NARAYANGONJ SADAR;নারায়নগঞ্জ সদর;1;2017-02-04 05:47:13
260;32;RUPGONJ;রূপগঞ্জ;1;2017-02-04 05:47:13
33;667;NETRAKONA;নেত্রকোণা;1;2017-02-04 05:47:13
261;33;ATPARA;আটপাড়া;1;2017-02-04 05:47:13
262;33;BARHATTA;বারহাট্টা;1;2017-02-04 05:47:13
263;33;DURGAPUR;দুর্গাপুর;1;2017-02-04 05:47:13
264;33;KHALIAJURI;খালিয়াজুরী;1;2017-02-04 05:47:13
265;33;KALMAKANDA;কলমাকান্দা;1;2017-02-04 05:47:13
266;33;KENDUA;কেন্দুয়া;1;2017-02-04 05:47:13
267;33;MADAN;মদন;1;2017-02-04 05:47:13
268;33;MOHANGONJ;মোহনগঞ্জ;1;2017-02-04 05:47:13
269;33;NETRAKONA SADAR;নেত্রকোনা সদর;1;2017-02-04 05:47:13
270;33;PURBADHALA;পূর্বধলা;1;2017-02-04 05:47:13
34;8;MANIKGONJ;মানিকগঞ্জ;1;2017-02-04 05:47:13
271;34;DAULATPUR;দৌলতপুর;1;2017-02-04 05:47:13
272;34;GHIOR;ঘিওর;1;2017-02-04 05:47:13
273;34;HARIRAMPUR;হরিরামপুর;1;2017-02-04 05:47:13
274;34;MANIKGONJ SADAR;মানিকগঞ্জ সদর;1;2017-02-04 05:47:13
275;34;SATURIA;সাটুরিয়া;1;2017-02-04 05:47:13
276;34;SHIBALAYA;শিবালয়;1;2017-02-04 05:47:13
277;34;SINGAIR;সিংগাইর;1;2017-02-04 05:47:13
35;8;MADARIPUR;মাদারীপুর;1;2017-02-04 05:47:13
278;35;KALKINI;কালকিনি;1;2017-02-04 05:47:13
279;35;MADARIPUR SADAR;মাদারীপুর সদর;1;2017-02-04 05:47:13
280;35;RAJOIR;রাজৈর;1;2017-02-04 05:47:13
281;35;SHIBCHAR;শিবচর;1;2017-02-04 05:47:13
36;8;NARSINGDI;নরসিংদী;1;2017-02-04 05:47:13
282;36;BELABO;বেলাব;1;2017-02-04 05:47:13
283;36;MANOHARDI;মনোহরদী;1;2017-02-04 05:47:13
284;36;NARSINGDI SADAR;নরসিংদী সদর;1;2017-02-04 05:47:13
285;36;PALASH;পলাশ;1;2017-02-04 05:47:13
286;36;ROYPURA;রায়পুরা;1;2017-02-04 05:47:13
287;36;SHIBPUR;শিবপুর;1;2017-02-04 05:47:13
37;667;JAMALPUR;জামালপুর;1;2017-02-04 05:47:13
288;37;BAKSHIGONJ;বকশীগঞ্জ;1;2017-02-04 05:47:13
289;37;DEWANGONJ;দেওয়ানগঞ্জ;1;2017-02-04 05:47:13
290;37;ISLAMPUR;ইসলামপুর;1;2017-02-04 05:47:13
291;37;JAMALPUR SADAR;জামালপুর সদর;1;2017-02-04 05:47:13
292;37;MADARGONJ;মাদারগঞ্জ;1;2017-02-04 05:47:13
293;37;MELANDAH;মেলান্দহ;1;2017-02-04 05:47:13
38;8;TANGAIL;টাঙ্গাইল;1;2017-02-04 05:47:13
295;38;BASAIL;বাসাইল;1;2017-02-04 05:47:13
296;38;BHUAPUR;ভূঞাপুর;1;2017-02-04 05:47:13
297;38;DELDUAR;দেলদোয়ার;1;2017-02-04 05:47:13
298;38;DHANBARI;ধনবাড়ী;1;2017-02-04 05:47:13
299;38;GHATAIL;ঘাটাইল;1;2017-02-04 05:47:13
300;38;GOPALPUR;গোপালপুর;1;2017-02-04 05:47:13
301;38;KALIHATI;কালিহাতী;1;2017-02-04 05:47:13
302;38;MADHUPUR;মধুপুর;1;2017-02-04 05:47:13
303;38;MIRZAPUR;মির্জাপুর;1;2017-02-04 05:47:13
304;38;NAGARPUR;নাগরপুর;1;2017-02-04 05:47:13
305;38;SAKHIPUR;সখিপুর;1;2017-02-04 05:47:13
306;38;TANGAIL SADAR;টাঙ্গাইল সদর;1;2017-02-04 05:47:13
39;667;SHERPUR;শেরপুর;1;2017-02-04 05:47:13
307;39;JHENAIGATI;ঝিনাইগাতী;1;2017-02-04 05:47:13
308;39;NAKLA;নকলা;1;2017-02-04 05:47:13
309;39;NALITABARI;নালিতাবাড়ী;1;2017-02-04 05:47:13
310;39;SHERPUR SADAR;শেরপুর সদর;1;2017-02-04 05:47:13
311;39;SREEBARDI;শ্রীবরদী;1;2017-02-04 05:47:13
40;8;DHAKA;ঢাকা;1;2017-02-04 05:47:13
317;40;DHAMRAI;ধামরাই;1;2017-02-04 05:47:13
319;40;DOHAR;দোহার;1;2017-02-04 05:47:13
327;40;KERANIGONJ;কেরানীগঞ্জ;1;2017-02-04 05:47:13
333;40;NAWABGONJ;নবাবগঞ্জ;1;2017-02-04 05:47:13
339;40;SAVAR;সাভার;1;2017-02-04 05:47:13
41;8;SHARIATPUR;শরীয়তপুর;1;2017-02-04 05:47:13
349;41;BHEDARGONJ;ভেদরগঞ্জ;1;2017-02-04 05:47:13
351;41;GOSAIRHAT;গোসাইরহাট;1;2017-02-04 05:47:13
352;41;NARIA;নড়িয়া;1;2017-02-04 05:47:13
353;41;SHARIATPUR SADAR;শরীয়তপুর সদর;1;2017-02-04 05:47:13
354;41;ZANJIRA;জাজিরা;1;2017-02-04 05:47:13
42;8;FARIDPUR;ফরিদপুর;1;2017-02-04 05:47:13
355;42;ALFADANGA;আলফাডাঙ্গা;1;2017-02-04 05:47:13
356;42;BHANGA;ভাংগা;1;2017-02-04 05:47:13
357;42;BOYALMARI;বোয়ালমারী;1;2017-02-04 05:47:13
358;42;CHARBHADRASAN;চরভদ্রাশন;1;2017-02-04 05:47:13
359;42;FARIDPUR SADAR;ফরিদপুর সদর;1;2017-02-04 05:47:13
360;42;MADHUKHALI;মধুখালী;1;2017-02-04 05:47:13
361;42;NAGARKANDA;নগরকান্দা;1;2017-02-04 05:47:13
362;42;SADARPUR;সদরপুর;1;2017-02-04 05:47:13
363;42;SALTHA;সালথা;1;2017-02-04 05:47:13
43;8;GAZIPUR;গাজীপুর;1;2017-02-04 05:47:13
364;43;GAZIPUR SADAR;গাজীপুর সদর;1;2017-02-04 05:47:13
365;43;KALIAKOIR;কালিয়াকৈর;1;2017-02-04 05:47:13
366;43;KALIGONJ;কালীগঞ্জ;1;2017-02-04 05:47:13
367;43;KAPASIA;কাপাসিয়া;1;2017-02-04 05:47:13
368;43;SREEPUR;শ্রীপুর;1;2017-02-04 05:47:13
44;8;GOPALGONJ;গোপালগঞ্জ;1;2017-02-04 05:47:13
369;44;GOPALGONJ SADAR;গোপালগঞ্জ সদর;1;2017-02-04 05:47:13
370;44;KASHIANI;কাশিয়ানী;1;2017-02-04 05:47:13
371;44;KOTALIPARA;কোটালীপাড়া;1;2017-02-04 05:47:13
372;44;MUKSUDPUR;মুকসুদপুর;1;2017-02-04 05:47:13
373;44;TUNGIPARA;টুঙ্গিপাড়া;1;2017-02-04 05:47:13
45;8;RAJBARI;রাজবাড়ী;1;2017-02-04 05:47:13
374;45;BALIAKANDI;বালিয়াকান্দি;1;2017-02-04 05:47:13
375;45;GOYALANDA;গোয়ালন্দ;1;2017-02-04 05:47:13
376;45;KALUKHALI;কালুখালী;1;2017-02-04 05:47:13
377;45;PANGSHA;পাংশা;1;2017-02-04 05:47:13
378;45;RAJBARI SADAR;রাজবাড়ী সদর;1;2017-02-04 05:47:13
46;8;MUNSIGONJ;মুন্সীগঞ্জ;1;2017-02-04 05:47:13
379;46;GAZARIA;গজারিয়া;1;2017-02-04 05:47:13
380;46;LOUHAJANG;লৌহজং;1;2017-02-04 05:47:13
381;46;MUNSHIGONJ SADAR;মুন্সীগঞ্জ সদর;1;2017-02-04 05:47:13
382;46;SIRAJDIKHAN;সিরাজদিখান;1;2017-02-04 05:47:13
383;46;SREENAGAR;শ্রীনগর;1;2017-02-04 05:47:13
384;46;TONGIBARI;টঙ্গীবাড়ি;1;2017-02-04 05:47:13
47;9;SATKHIRA;সাতক্ষীরা;1;2017-02-04 05:47:13
385;47;ASHASHUNI;আশাশুনি;1;2017-02-04 05:47:13
386;47;DEBHATA;দেবহাটা;1;2017-02-04 05:47:13
387;47;KALAROYA;কলারোয়া;1;2017-02-04 05:47:13
388;47;KALIGONJ;কালীগঞ্জ;1;2017-02-04 05:47:13
389;47;SATKHIRA SADAR;সাতক্ষীরা সদর;1;2017-02-04 05:47:13
390;47;SHYAMNAGAR;শ্যামনগর;1;2017-02-04 05:47:13
391;47;TALA;তালা;1;2017-02-04 05:47:13
48;9;NARAIL;নড়াইল;1;2017-02-04 05:47:13
392;48;KALIA;কালিয়া;1;2017-02-04 05:47:13
393;48;LOHAGARA;লোহাগড়া;1;2017-02-04 05:47:13
394;48;NARAIL SADAR;নড়াইল সদর;1;2017-02-04 05:47:13
49;9;JESSORE;যশোর;1;2017-02-04 05:47:13
395;49;ABHAYNAGAR;অভয়নগর;1;2017-02-04 05:47:13
396;49;BAGHARPARA;বাঘারপাড়া;1;2017-02-04 05:47:13
397;49;CHOUGACHHA;চৌগাছা;1;2017-02-04 05:47:13
398;49;JHIKARGACHHA;ঝিকরগাছা;1;2017-02-04 05:47:13
399;49;KESHABPUR;কেশবপুর;1;2017-02-04 05:47:13
400;49;JESSORE SADAR;যশোর সদর;1;2017-02-04 05:47:13
401;49;MANIRAMPUR;মনিরামপুর;1;2017-02-04 05:47:13
402;49;SHARSHA;শার্শা;1;2017-02-04 05:47:13
50;9;CHUADANGA;চুয়াডাঙ্গা;1;2017-02-04 05:47:13
403;50;ALAMDANGA;আলমডাঙ্গা;1;2017-02-04 05:47:13
404;50;CHUADANGA SADAR;চুয়াডাঙ্গা সদর;1;2017-02-04 05:47:13
405;50;DAMURHUDA;দামুড়হুদা;1;2017-02-04 05:47:13
406;50;JIBANNAGAR;জীবননগর;1;2017-02-04 05:47:13
51;9;KHULNA;খুলনা;1;2017-02-04 05:47:13
407;51;BATIAGHATA;বটিয়াঘাটা;1;2017-02-04 05:47:13
410;51;DUMURIA;ডুমুরিয়া;1;2017-02-04 05:47:13
411;51;DIGHALIA;দিঘলিয়া;1;2017-02-04 05:47:13
414;51;KHULNA SADAR;খুলনা সদর;1;2017-02-04 05:47:13
415;51;KOYRA;কয়রা;1;2017-02-04 05:47:13
416;51;PAIKGACHHA;পাইকগাছা;1;2017-02-04 05:47:13
417;51;FULTALA;ফুলতলা;1;2017-02-04 05:47:13
418;51;RUPSA;রূপসা;1;2017-02-04 05:47:13
420;51;TEROKHADA;তেরখাদা;1;2017-02-04 05:47:13
52;9;BAGERHAT;বাগেরহাট;1;2017-02-04 05:47:13
421;52;BAGERHAT SADAR;বাগেরহাট সদর;1;2017-02-04 05:47:13
422;52;CHITALMARI;চিতলমারী;1;2017-02-04 05:47:13
423;52;FAKIRHAT;ফকিরহাট;1;2017-02-04 05:47:13
425;52;MOLLAHAT;মোল্লাহাট;1;2017-02-04 05:47:13
426;52;MONGLA;মোংলা;1;2017-02-04 05:47:13
427;52;MORELGONJ;মোড়েলগঞ্জ;1;2017-02-04 05:47:13
428;52;RAMPAL;রামপাল;1;2017-02-04 05:47:13
429;52;SHARANKHOLA;শরনখোলা;1;2017-02-04 05:47:13
53;9;KUSHTIA;কুষ্টিয়া;1;2017-02-04 05:47:13
430;53;BHERAMARA;ভেড়ামারা;1;2017-02-04 05:47:13
431;53;DOULATPUR;দৌলতপুর;1;2017-02-04 05:47:13
432;53;KHOKSA;খোকসা;1;2017-02-04 05:47:13
433;53;KUMARKHALI;কুমারখালী;1;2017-02-04 05:47:13
434;53;KUSHTIA SADAR;কুষ্টিয়া সদর;1;2017-02-04 05:47:13
435;53;MIRPUR;মিরপুর;1;2017-02-04 05:47:13
54;9;MAGURA;মাগুরা;1;2017-02-04 05:47:13
436;54;MAGURA SADAR;মাগুরা সদর;1;2017-02-04 05:47:13
437;54;MAHAMMADPUR;মহম্মদপুর;1;2017-02-04 05:47:13
438;54;SHALIKHA;শালিখা;1;2017-02-04 05:47:13
55;9;JHENAIDAHA;ঝিনাইদহ;1;2017-02-04 05:47:13
440;55;HARINAKUNDU;হরিনাকুন্ডু;1;2017-02-04 05:47:13
441;55;JHENAIDAH SADAR;ঝিনাইদহ সদর;1;2017-02-04 05:47:13
442;55;KALIGONJ;কালীগঞ্জ;1;2017-02-04 05:47:13
443;55;KOTCHANDPUR;কোটচাঁদপুর;1;2017-02-04 05:47:13
444;55;MAHESHPUR;মহেশপুর;1;2017-02-04 05:47:13
445;55;SHOILAKUPA;শৈলকুপা;1;2017-02-04 05:47:13
56;9;MEHERPUR;মেহেরপুর;1;2017-02-04 05:47:13
446;56;GANGNI;গাংনী;1;2017-02-04 05:47:13
447;56;MUJIBNAGAR;মুজিবনগর;1;2017-02-04 05:47:13
448;56;MEHERPUR SADAR;মেহেরপুর সদর;1;2017-02-04 05:47:13
57;10;RAJSHAHI;রাজশাহী;1;2017-02-04 05:47:13
449;57;BAGHA;বাঘা;1;2017-02-04 05:47:13
450;57;BAGMARA;বাগমারা;1;2017-02-04 05:47:13
452;57;CHARGHAT;চারঘাট;1;2017-02-04 05:47:13
453;57;DURGAPUR;দূর্গাপুর;1;2017-02-04 05:47:13
454;57;GODAGARI;গোদাগাড়ী;1;2017-02-04 05:47:13
456;57;MOHANPUR;মোহনপুর;1;2017-02-04 05:47:13
457;57;PABA;পবা;1;2017-02-04 05:47:13
458;57;PUTHIA;পুঠিয়া;1;2017-02-04 05:47:13
461;57;TANORE;তানোর;1;2017-02-04 05:47:13
58;10;JOYPURHAT;জয়পুরহাট;1;2017-02-04 05:47:13
462;58;AKKELPUR;আক্কেলপুর;1;2017-02-04 05:47:13
463;58;JOYPURHAT SADAR;জয়পুরহাট সদর;1;2017-02-04 05:47:13
464;58;KALAI;কালাই;1;2017-02-04 05:47:13
465;58;KHETLAL;ক্ষেতলাল;1;2017-02-04 05:47:13
466;58;PANCHBIBI;পাঁচবিবি;1;2017-02-04 05:47:13
59;10;PABNA;পাবনা;1;2017-02-04 05:47:13
467;59;ATGHARIA;আটঘরিয়া;1;2017-02-04 05:47:13
468;59;BERA;বেড়া;1;2017-02-04 05:47:13
469;59;BHANGURA;ভাঙ্গুড়া;1;2017-02-04 05:47:13
470;59;CHATMOHAR;চাটমোহর;1;2017-02-04 05:47:13
471;59;FARIDPUR;ফরিদপুর;1;2017-02-04 05:47:13
472;59;ISHWARDI;ঈশ্বরদী;1;2017-02-04 05:47:13
473;59;PABNA SADAR;পাবনা সদর;1;2017-02-04 05:47:13
474;59;SANTHIA;সাঁথিয়া;1;2017-02-04 05:47:13
475;59;SUJANAGAR;সুজানগর;1;2017-02-04 05:47:13
60;10;BOGRA;বগুড়া;1;2017-02-04 05:47:13
476;60;ADAMDIGHI;আদমদিঘী;1;2017-02-04 05:47:13
477;60;BOGRA SADAR;বগুড়া সদর;1;2017-02-04 05:47:13
478;60;DHUNAT;ধুনট;1;2017-02-04 05:47:13
479;60;DUPCHANCHIA;দুপচাঁচিয়া;1;2017-02-04 05:47:13
480;60;GABTALI;গাবতলি;1;2017-02-04 05:47:13
481;60;KAHALU;কাহালু;1;2017-02-04 05:47:13
482;60;NANDIGRAM;নন্দিগ্রাম;1;2017-02-04 05:47:13
483;60;SARIAKANDI;সারিয়াকান্দি;1;2017-02-04 05:47:13
484;60;SHAJAHANPUR;শাজাহানপুর;1;2017-02-04 05:47:13
485;60;SHERPUR;শেরপুর;1;2017-02-04 05:47:13
486;60;SHIBGONJ;শিবগঞ্জ;1;2017-02-04 05:47:13
487;60;SONATALA;সোনাতলা;1;2017-02-04 05:47:13
61;10;SIRAJGONJ;সিরাজগঞ্জ;1;2017-02-04 05:47:13
488;61;BELKUCHI;বেলকুচি;1;2017-02-04 05:47:13
489;61;CHOWHALI;চৌহালী;1;2017-02-04 05:47:13
490;61;KAMARKHANDA;কামারখন্দ;1;2017-02-04 05:47:13
491;61;KAZIPUR;কাজিপুর;1;2017-02-04 05:47:13
492;61;ROYGONJ;রায়গঞ্জ;1;2017-02-04 05:47:13
493;61;SHAHJADPUR;শাহজাদপুর;1;2017-02-04 05:47:13
494;61;SIRAJGONJ SADAR;সিরাজগঞ্জ সদর;1;2017-02-04 05:47:13
495;61;TARASH;তাড়াশ;1;2017-02-04 05:47:13
496;61;ULLAPARA;উল্লাপাড়া;1;2017-02-04 05:47:13
62;10;NAOGAON;নওগাঁ;1;2017-02-04 05:47:13
497;62;ATRAI;আত্রাই;1;2017-02-04 05:47:13
498;62;BADALGACHHI;বদলগাছী;1;2017-02-04 05:47:13
499;62;DHAMOIRHAT;ধামইরহাট;1;2017-02-04 05:47:13
500;62;MANDA;মান্দা;1;2017-02-04 05:47:13
501;62;MAHADEBPUR;মহাদেবপুর;1;2017-02-04 05:47:13
502;62;NAOGAON SADAR;নওগাঁ সদর;1;2017-02-04 05:47:13
503;62;NIAMATPUR;নিয়ামতপুর;1;2017-02-04 05:47:13
504;62;PATNITALA;পত্নীতলা;1;2017-02-04 05:47:13
505;62;PORSHA;পোরশা;1;2017-02-04 05:47:13
506;62;RANINAGAR;রাণীনগর;1;2017-02-04 05:47:13
507;62;SAPAHAR;সাপাহার;1;2017-02-04 05:47:13
63;10;CHAPAINABABGONJ;চাঁপাইনবাবগঞ্জ;1;2017-02-04 05:47:13
508;63;BHOLAHAT;ভোলাহাট;1;2017-02-04 05:47:13
509;63;GOMASTAPUR;গোমস্তাপুর;1;2017-02-04 05:47:13
510;63;NACHOLE;নাচোল;1;2017-02-04 05:47:13
511;63;CHAPAINABABGONJ SADAR;চাঁপাইনবাবগঞ্জ সদর;1;2017-02-04 05:47:13
512;63;SHIBGONJ;শিবগঞ্জ;1;2017-02-04 05:47:13
64;10;NATORE;নাটোর;1;2017-02-04 05:47:13
513;64;BAGATIPARA;বাগাতিপাড়া;1;2017-02-04 05:47:13
514;64;BARAIGRAM;বড়াইগ্রাম;1;2017-02-04 05:47:13
515;64;GURUDASPUR;গুরুদাসপুর;1;2017-02-04 05:47:13
516;64;LALPUR;লালপুর;1;2017-02-04 05:47:13
517;64;NALDANGA;নলডাঙ্গা;1;2017-02-04 05:47:13
518;64;NATORE SADAR;নাটোর সদর;1;2017-02-04 05:47:13
519;64;SINGRA;সিংড়া;1;2017-02-04 05:47:13
65;11;DINAJPUR;দিনাজপুর;1;2017-02-04 05:47:13
520;65;BIRAMPUR;বিরামপুর;1;2017-02-04 05:47:13
521;65;BIRGONJ;বীরগঞ্জ;1;2017-02-04 05:47:13
522;65;BIRAL;বিরল;1;2017-02-04 05:47:13
523;65;BOCHAGONJ;বোঁচাগঞ্জ;1;2017-02-04 05:47:13
524;65;CHIRIRBANDER;চিরিরবন্দর;1;2017-02-04 05:47:13
525;65;FULBARI;ফুলবাড়ী;1;2017-02-04 05:47:13
526;65;GHORAGHAT;ঘোড়াঘাট;1;2017-02-04 05:47:13
527;65;HAKIMPUR;হাকিমপুর;1;2017-02-04 05:47:13
528;65;KAHAROLE;কাহারুল;1;2017-02-04 05:47:13
529;65;KHANSAMA;খান্‌সামা;1;2017-02-04 05:47:13
530;65;DINAJPUR SADAR;দিনাজপুর সদর;1;2017-02-04 05:47:13
531;65;NAWABGONJ;নবাবগঞ্জ;1;2017-02-04 05:47:13
532;65;PARBATIPUR;পার্বতীপুর;1;2017-02-04 05:47:13
66;11;RANGPUR;রংপুর;1;2017-02-04 05:47:13
533;66;BADARGONJ;বদরগঞ্জ;1;2017-02-04 05:47:13
534;66;GANGACHARA;গংগাচড়া;1;2017-02-04 05:47:13
535;66;KAWNIA;কাউনিয়া;1;2017-02-04 05:47:13
536;66;RANGPUR SADAR;রংপুর সদর;1;2017-02-04 05:47:13
537;66;MITHAPUKUR;মিঠাপুকুর;1;2017-02-04 05:47:13
538;66;PIRGACHHA;পীরগাছা;1;2017-02-04 05:47:13
539;66;PIRGONJ;পীরগঞ্জ;1;2017-02-04 05:47:13
540;66;TARAGONJ;তারাগঞ্জ;1;2017-02-04 05:47:13
67;11;GAIBANDHA;গাইবান্ধা;1;2017-02-04 05:47:13
541;67;FULCHHARI;ফুলছড়ি;1;2017-02-04 05:47:13
542;67;GAIBANDHA SADAR;গাইবান্ধা সদর;1;2017-02-04 05:47:13
543;67;GOBINDAGONJ;গোবিন্দগঞ্জ;1;2017-02-04 05:47:13
544;67;PALASHBARI;পলাশবাড়ী;1;2017-02-04 05:47:13
545;67;SADULLAPUR;সাদুল্লাপুর;1;2017-02-04 05:47:13
546;67;SAGHATA;সাঘাটা;1;2017-02-04 05:47:13
547;67;SUNDERGONJ;সুন্দরগঞ্জ;1;2017-02-04 05:47:13
68;11;THAKURGAON;ঠাকুরগাঁও;1;2017-02-04 05:47:13
548;68;BALIADANGI;বালিয়াডাঙ্গী;1;2017-02-04 05:47:13
549;68;HORIPUR;হরিপুর;1;2017-02-04 05:47:13
550;68;PIRGONJ;পীরগঞ্জ;1;2017-02-04 05:47:13
551;68;RANISHANGKOIL;রানীশংকৈল;1;2017-02-04 05:47:13
552;68;THAKURGAON SADAR;ঠাকুরগাঁও সদর;1;2017-02-04 05:47:13
69;11;PANCHAGAR;পঞ্চগড়;1;2017-02-04 05:47:13
553;69;ATOWARI;আটোয়ারী;1;2017-02-04 05:47:13
554;69;BODA;বোদা;1;2017-02-04 05:47:13
555;69;DEBIGONJ;দেবীগঞ্জ;1;2017-02-04 05:47:13
556;69;PANCHAGAR SADAR;পঞ্চগড় সদর;1;2017-02-04 05:47:13
557;69;TENTULIA;তেঁতুলিয়া;1;2017-02-04 05:47:13
70;11;NILPHAMARI;নীলফামারী;1;2017-02-04 05:47:13
558;70;DIMLA;ডিমলা;1;2017-02-04 05:47:13
559;70;DOMAR;ডোমার;1;2017-02-04 05:47:13
560;70;JALDHAKA;জলঢাকা;1;2017-02-04 05:47:13
562;70;NILPHAMARI SADAR;নীলফামারী সদর;1;2017-02-04 05:47:13
563;70;SYEDPUR;সৈয়দপুর;1;2017-02-04 05:47:13
71;11;KURIGRAM;কুড়িগ্রাম;1;2017-02-04 05:47:13
564;71;BHURUNGAMARI;ভূরুঙ্গামারী;1;2017-02-04 05:47:13
565;71;RAJIBPUR;রাজিবপুর;1;2017-02-04 05:47:13
566;71;CHILMARI;চিলমারী;1;2017-02-04 05:47:13
567;71;FULBARI;ফুলবাড়ী;1;2017-02-04 05:47:13
568;71;KURIGRAM SADAR;কুড়িগ্রাম সদর;1;2017-02-04 05:47:13
569;71;NAGESHWARI;নাগেশ্বরী;1;2017-02-04 05:47:13
570;71;RAJARHAT;রাজারহাট;1;2017-02-04 05:47:13
571;71;ROUMARI;রৌমারী;1;2017-02-04 05:47:13
572;71;ULIPUR;উলিপুর;1;2017-02-04 05:47:13
72;11;LALMONIRHAT;লালমনিরহাট;1;2017-02-04 05:47:13
573;72;ADITMARI;অাদিতমারী;1;2017-02-04 05:47:13
574;72;HATIBANDHA;হাতীবান্ধা;1;2017-02-04 05:47:13
575;72;KALIGONJ;কালীগঞ্জ;1;2017-02-04 05:47:13
576;72;LALMONIRHAT SADAR;লালমনিরহাট সদর;1;2017-02-04 05:47:13
577;72;PATGRAM;পাটগ্রাম;1;2017-02-04 05:47:13
578;73;AJMIRIGONJ;আজমিরীগঞ্জ;1;2017-02-04 05:47:13
579;73;BAHUBAL;বাহুবল;1;2017-02-04 05:47:13
580;73;BANIACHONG;বানিয়াচং;1;2017-02-04 05:47:13
581;73;CHUNARUGHAT;চুনারুঘাট;1;2017-02-04 05:47:13
582;73;HABIGONJ SADAR;হবিগঞ্জ সদর;1;2017-02-04 05:47:13
583;73;LAKHAI;লাখাই;1;2017-02-04 05:47:13
584;73;MADHABPUR;মাধবপুর;1;2017-02-04 05:47:13
585;73;NABIGONJ;নবীগঞ্জ;1;2017-02-04 05:47:13
74;12;SUNAMGONJ;সুনামগঞ্জ;1;2017-02-04 05:47:13
586;74;BISHWAMBHARPUR;বিশ্বম্ভরপুর;1;2017-02-04 05:47:13
587;74;CHHATAK;ছাতক;1;2017-02-04 05:47:13
589;74;DERAI;দিরাই;1;2017-02-04 05:47:13
590;74;DHARMAPASHA;ধর্মপাশা;1;2017-02-04 05:47:13
591;74;DOYARA BAZAR;দোয়ারা বাজার;1;2017-02-04 05:47:13
592;74;JAGANNATHPUR;জগন্নাথপুর;1;2017-02-04 05:47:13
593;74;JAMALGONJ;জামালগঞ্জ;1;2017-02-04 05:47:13
594;74;SHALLA;শাল্লা;1;2017-02-04 05:47:13
595;74;SUNAMGONJ SADAR;সুনামগঞ্জ সদর;1;2017-02-04 05:47:13
596;74;TAHIRPUR;তাহিরপুর;1;2017-02-04 05:47:13
75;12;SYLHET;সিলেট;1;2017-02-04 05:47:13
597;75;BALAGONJ;বালাগঞ্জ;1;2017-02-04 05:47:13
598;75;BEANIBAZAR;বিয়ানীবাজার;1;2017-02-04 05:47:13
599;75;BISHWANATH;বিশ্বনাথ;1;2017-02-04 05:47:13
600;75;COMPANIGONJ;কোম্পানীগঞ্জ;1;2017-02-04 05:47:13
601;75;DAKSHIN SURMA;দক্ষিণ সুরমা;1;2017-02-04 05:47:13
602;75;FENCHUGONJ;ফেঞ্চুগঞ্জ;1;2017-02-04 05:47:13
603;75;GOLAPGONJ;গোলাপগঞ্জ;1;2017-02-04 05:47:13
604;75;GOWAINGHAT;গোয়াইনঘাট;1;2017-02-04 05:47:13
605;75;JAINTIAPUR;জৈন্তাপুর;1;2017-02-04 05:47:13
606;75;KANAIGHAT;কানাইঘাট;1;2017-02-04 05:47:13
607;75;SYLHET SADAR;সিলেট সদর;1;2017-02-04 05:47:13
608;75;ZAKIGONJ;জকিগঞ্জ;1;2017-02-04 05:47:13
76;12;MOULAVIBAZAR;মৌলভীবাজার;1;2017-02-04 05:47:13
609;76;BARALEKHA;বড়লেখা;1;2017-02-04 05:47:13
610;76;JURI;জুড়ী;1;2017-02-04 05:47:13
611;76;KAMALGONJ;কমলগঞ্জ;1;2017-02-04 05:47:13
612;76;KULAURA;কুলাউড়া;1;2017-02-04 05:47:13
613;76;MOULVIBAZAR SADAR;মৌলভীবাজার সদর;1;2017-02-04 05:47:13
614;76;RAJNAGAR;রাজনগর;1;2017-02-04 05:47:13
615;76;SREEMANGAL;শ্রীমঙ্গল;1;2017-02-04 05:47:13
616;0;মৎস্য ও প্রাণিসম্পদ মন্ত্রণালয়;মৎস্য ও প্রাণিসম্পদ মন্ত্রণালয়;1;2017-02-04 05:47:13
617;0;মৎস্য অধিদপ্তর,বাংলাদেশ;মৎস্য অধিদপ্তর,বাংলাদেশ;1;2017-02-04 05:47:13
618;617;প্রধান কার্যালয়;প্রধান কার্যালয়;1;2017-02-04 05:47:13
620;619;জেলেদের নিবন্ধন ও পরিচয়পত্র প্রদান প্রকল্প;জেলেদের নিবন্ধন ও পরিচয়পত্র প্রদান প্রকল্প;1;2017-02-04 05:47:13
621;619;বেস্ট প্রকল্প;বেস্ট প্রকল্প;1;2017-02-04 05:47:13
622;617;মৎস্য অধিদপ্তর বিভাগসমূহ;মৎস্য অধিদপ্তর বিভাগসমূহ;1;2017-02-04 05:47:13
624;619;পার্বত্য চট্টগ্রাম অঞ্চলে মৎস্যচাষ উন্নয়ন ও সম্প্রসরণ প্রকল্প (৩য় পর্যায়);পার্বত্য চট্টগ্রাম অঞ্চলে মৎস্যচাষ উন্নয়ন ও সম্প্রসরণ প্রকল্প (৩য় পর্যায়);1;2017-02-04 05:47:13
626;619;উন্মুক্ত জরাশয়ে বিল নার্সারি স্থাপন এবং পোনা অবমুক্তকরণ প্রকল্প;উন্মুক্ত জরাশয়ে বিল নার্সারি স্থাপন এবং পোনা অবমুক্তকরণ প্রকল্প;1;2017-02-04 05:47:13
627;619;ব্রূড ব্যাংক স্থাপন প্রকল্প (৩য় পর্যায়);ব্রূড ব্যাংক স্থাপন প্রকল্প (৩য় পর্যায়);1;2017-02-04 05:47:13
692;18;PATUAKHALI SADAR;পটুয়াখালী সদর;1;2017-02-05 20:21:17
640;617;মৎস্য প্রশিক্ষণ একাডেমী ও কেন্দ্রসমূহ;মৎস্য প্রশিক্ষণ একাডেমী ও কেন্দ্রসমূহ;1;2017-02-04 05:47:13
645;0;বাংলাদেশ মৎস্য গবেষণা ইনস্টিটিউট;বাংলাদেশ মৎস্য গবেষণা ইনস্টিটিউট;1;2017-02-04 05:47:13
631;619;আইএপিপি প্রকল্প;আইএপিপি প্রকল্প;1;2017-02-04 05:47:13
632;619;মানসন্মত মৎস্য বীজ ও পোনা উৎপাদন বৃদ্ধির লক্ষ্যে মৎস্য স্থাপনা পুর্নবাসন ও উন্নউন প্রকল্পমানসন্মত মৎস্য বীজ ও পোনা উৎপাদন বৃদ্ধির লক্ষ্যে মৎস্য স্থাপনা পুর্নবাসন ও উন্নয়ন প্রকল্প;মানসন্মত মৎস্য বীজ ও পোনা উৎপাদন বৃদ্ধির লক্ষ্যে মৎস্য স্থাপনা পুর্নবাসন ও উন্নয়ন প্রকল্প;1;2017-02-04 05:47:13
634;619;স্বাদু পানির চিংড়ি চাষ সম্প্রসারণ প্রকল্প (  ২য় পর্যায়);স্বাদু পানির চিংড়ি চাষ সম্প্রসারণ প্রকল্প (  ২য় পর্যায়);1;2017-02-04 05:47:13
635;619;মৎস্য ডিপ্লোমা ইনস্টিটিউট স্থাপন প্রকল্প;মৎস্য ডিপ্লোমা ইনস্টিটিউট স্থাপন প্রকল্প;1;2017-02-04 05:47:13
636;619;রংপুর অঞ্চলে মৎস্যচাষ উন্নয়ন প্রকল্প;রংপুর অঞ্চলে মৎস্যচাষ উন্নয়ন প্রকল্প;1;2017-02-04 05:47:13
637;619;নিমগাছি সমাজিভিত্তিক মৎস্যচাষ প্রকল্প;নিমগাছি সমাজিভিত্তিক মৎস্যচাষ প্রকল্প;1;2017-02-04 05:47:13
638;619;এফসিডিআই প্রকল্প;এফসিডিআই প্রকল্প;1;2017-02-04 05:47:13
690;54;SHREEPUR;শ্রীপুর;1;2017-02-06 05:05:00
691;23;KAMOLNAGAR;কমলনগর;1;2017-02-05 09:02:03
689;41;;ডামুড্যা;1;2017-02-04 05:47:13
641;617;সামুদ্রিক মৎস্য দপ্তর, আগ্রাবাদ, চট্টগ্রাম;সামুদ্রিক মৎস্য দপ্তর, আগ্রাবাদ, চট্টগ্রাম;1;2017-02-04 05:47:13
642;617;সামুদ্রিক মৎস্য জরিপ ব্যবস্থাপনা ইউনিট, চট্টগ্রাম দপ্তর;সামুদ্রিক মৎস্য জরিপ ব্যবস্থাপনা ইউনিট, চট্টগ্রাম দপ্তর;1;2017-02-04 05:47:13
643;617;প্রকল্প পরিচালকের দপ্তর, বাঁওড় মৎস্য চাষ উন্নয়ন প্রকল্প(রাজস্ব)প্রকল্প পরিচালকের দপ্তর, বাঁওড় মৎস্যচাষ উন্নয়ন প্রকল্প(রাজস্ব);প্রকল্প পরিচালকের দপ্তর, বাঁওড় মৎস্যচাষ উন্নয়ন প্রকল্প(রাজস্ব);1;2017-02-04 05:47:13
644;617;মৎস্য ও প্রাণিসম্পদ তথ্য দপ্তর,মৎস্য ভবন, ঢাকা;মৎস্য ও প্রাণিসম্পদ তথ্য দপ্তর,মৎস্য ভবন, ঢাকা;1;2017-02-04 05:47:13
678;617;কোয়ালিটি অ্যাসুরেন্স ম্যানেজার এর কার্যালয়;কোয়ালিটি অ্যাসুরেন্স ম্যানেজার এর কার্যালয়;1;2017-02-04 05:47:13
646;639;উপপরিচালকের দপ্তর - মৎস্য ভবন, রমনা ,ঢাকা;উপপরিচালকের দপ্তর - মৎস্য ভবন, রমনা ,ঢাকা;1;2017-02-04 05:47:13
647;639;উপপরিচালকের দপ্তর - খুলনা বিভাগ, খুলনা;উপপরিচালকের দপ্তর - খুলনা বিভাগ, খুলনা;1;2017-02-04 05:47:13
648;639;উপপরিচালকের দপ্তর - চট্টগ্রাম বিভাগ,চট্টগ্রাম;উপপরিচালকের দপ্তর - চট্টগ্রাম বিভাগ,চট্টগ্রাম;1;2017-02-04 05:47:13
649;640;মৎস্য প্রশিক্ষণ একাডেমী, সাভার ঢাকা;মৎস্য প্রশিক্ষণ একাডেমী, সাভার ঢাকা;1;2017-02-04 05:47:13
650;640;মৎস্য প্রশিক্ষণ ইনস্টিটিউট, চাঁদপুর;মৎস্য প্রশিক্ষণ ইনস্টিটিউট, চাঁদপুর;1;2017-02-04 05:47:13
651;640;মৎস্য প্রজনন ও প্রশিক্ষণ কেন্দ্র, রায়পুর, লক্ষীপুর;মৎস্য প্রজনন ও প্রশিক্ষণ কেন্দ্র, রায়পুর, লক্ষীপুর;1;2017-02-04 05:47:13
652;640;মৎস্য সম্প্রসারণ ও প্রশিক্ষণ কেন্দ্র, পার্বতীপুর, দিনাজপুর;মৎস্য সম্প্রসারণ ও প্রশিক্ষণ কেন্দ্র, পার্বতীপুর, দিনাজপুর;1;2017-02-04 05:47:13
653;640;মৎস্য সম্প্রসারণ ও প্রশিক্ষণ কেন্দ্র,ফরিদপুর;মৎস্য সম্প্রসারণ ও প্রশিক্ষণ কেন্দ্র,ফরিদপুর;1;2017-02-04 05:47:13
654;640;মৎস্য প্রশিক্ষণ কেন্দ্র, কোটচাঁদপুর, ঝিনাইদাহ;মৎস্য প্রশিক্ষণ কেন্দ্র, কোটচাঁদপুর, ঝিনাইদাহ;1;2017-02-04 05:47:13
655;645;বাংলাদেশ মৎস্য গবেষণা ইনস্টিটিউট, ময়মনসিংহ;বাংলাদেশ মৎস্য গবেষণা ইনস্টিটিউট, ময়মনসিংহ;1;2017-02-04 05:47:13
656;645;স্বাদু পানি কেন্দ্র, ময়মনসিংহ;স্বাদু পানি কেন্দ্র, ময়মনসিংহ;1;2017-02-04 05:47:13
657;645;নদী কেন্দ্র, চাঁপুর;নদী কেন্দ্র, চাঁপুর;1;2017-02-04 05:47:13
658;645;সামুদ্রিক মৎস্য ও প্রযুক্তি কেন্দ্র,কক্সবাজার;সামুদ্রিক মৎস্য ও প্রযুক্তি কেন্দ্র,কক্সবাজার;1;2017-02-04 05:47:13
659;645;লোনা পানি কেন্দ্র, পাইকগাছা, খুলনা;লোনা পানি কেন্দ্র, পাইকগাছা, খুলনা;1;2017-02-04 05:47:13
660;645;চিংড়ি গবেষণা কেন্দ্র,বাগেরহাট;চিংড়ি গবেষণা কেন্দ্র,বাগেরহাট;1;2017-02-04 05:47:13
661;645;নদী উপকেন্দ্র, রাঙ্গামাটি;নদী উপকেন্দ্র, রাঙ্গামাটি;1;2017-02-04 05:47:13
662;645;পাবনভূমি উপকেন্দ্র,সান্তাহার, বাগুড়া;পাবনভূমি উপকেন্দ্র,সান্তাহার, বাগুড়া;1;2017-02-04 05:47:13
663;645;স্বাদুপানি উপকেন্দ্র, যশোর;স্বাদুপানি উপকেন্দ্র, যশোর;1;2017-02-04 05:47:13
664;645;স্বাদুপানি উপকেন্দ্র;স্বাদুপানি উপকেন্দ্র;1;2017-02-04 05:47:13
665;645;নদী উপকেন্দ্র, খেপুপাড়া, পটুয়াখালী;নদী উপকেন্দ্র, খেপুপাড়া, পটুয়াখালী;1;2017-02-04 05:47:13
666;0;মেরিন ফিসারিজ একাডেমী, চট্টগ্রাম;মেরিন ফিসারিজ একাডেমী, চট্টগ্রাম;1;2017-02-04 05:47:13
667;622;MYMENSINGH;ময়মনসিংহ;1;2017-02-04 05:47:13
668;75;OSMANI NAGAR;ওসমানী নগর;1;2017-02-04 05:47:13
687;21;KAPTAI;কাপ্তাই;1;2017-02-04 05:47:13
688;619;;ন্যাশনাল এগ্রিকালচারাল টেকনোলোজি প্রোগ্রাম প্রকল্প(NATP)-২য় পর্যায়;1;2017-02-04 05:47:13
670;619;বাংলাদেশ মেরিন ফিশারিশ ক্যাপাসিটি বিল্ডিং প্রকল্প ;বাংলাদেশ মেরিন ফিশারিশ ক্যাপাসিটি বিল্ডিং প্রকল্প ;1;2017-02-04 05:47:13
671;619;ইউনিয়ন পর্যায়ে মৎস্যচাষ প্রযুক্তি সেবা সম্প্রসারন প্রকল্প(২য় পর্যায়);ইউনিয়ন পর্যায়ে মৎস্যচাষ প্রযুক্তি সেবা সম্প্রসারন প্রকল্প;1;2017-02-04 05:47:13
672;619;বাংলাদেশ নির্বাচন এলাকা কুঁচিয়া ও কাঁকড়া চাষ এবং গবেষণা প্রকল্প;বাংলাদেশ নির্বাচন এলাকা কুঁচিয়া ও কাঁকড়া চাষ এবং গবেষণা প্রকল্প;1;2017-02-04 05:47:13
673;619;Climate Resilient Ecosystem and Livelihoods Project;Climate Resilient Ecosystem and Livelihoods Project;1;2017-02-04 05:47:13
674;619;জালশায় সংস্কারের মাধ্যমে মৎস্য উৎপাদন বৃদ্ধি প্রকল্প;জালশায় সংস্কারের মাধ্যমে মৎস্য উৎপাদন বৃদ্ধি প্রকল্প;1;2017-02-04 05:47:13
675;619;যশোর অঞ্ছলে মৎস্যচাষ উন্নয়ন প্রকল্প;যশোর অঞ্ছলে মৎস্যচাষ উন্নয়ন প্রকল্প;1;2017-02-04 05:47:13
676;619;ইকোফিশ;ইকোফিশ;1;2017-02-04 05:47:13
73;12;HOBIGONJ;হবিগঞ্জ;1;2017-02-04 05:47:13
683;0;প্রাণিসম্পদ অধিদপ্তর;প্রাণিসম্পদ অধিদপ্তর;1;2017-02-04 05:47:13
619;617;মৎস্য অধিদপ্তর প্রকল্পসমূহ;মৎস্য অধিদপ্তর প্রকল্পসমূহ;1;2017-02-04 05:47:13
679;678;কোয়ালিটি অ্যাসুরেন্স কার্যালয় - ঢাকা;কোয়ালিটি অ্যাসুরেন্স কার্যালয় - ঢাকা;1;2017-02-04 05:47:13
680;678;কোয়ালিটি অ্যাসুরেন্স কার্যালয় - চট্টগ্রাম;কোয়ালিটি অ্যাসুরেন্স কার্যালয় - চট্টগ্রাম;1;2017-02-04 05:47:13
681;678;কোয়ালিটি অ্যাসুরেন্স কার্যালয় - খুলনা;কোয়ালিটি অ্যাসুরেন্স কার্যালয় - খুলনা;1;2017-02-04 05:47:13
682;619;বৃহত্তর কুমিল্লা জেলায় মৎস্য উন্নয়ন প্রকল্প;বৃহত্তর কুমিল্লা জেলায় মৎস্য উন্নয়ন প্রকল্প, কুমিল্লা;1;2017-02-04 05:47:13
684;0;বাংলাদেশ প্রাণিসম্পদ গবেষণা ইনস্টিটিউট;বাংলাদেশ প্রাণিসম্পদ গবেষণা ইনস্টিটিউট;1;2017-02-04 05:47:13
685;0;বাংলাদোশ মৎস্য উন্নয়ন কর্পোরেশন;বাংলাদেশ মৎস্য উন্নয়ন কর্পোরেশন;1;2017-02-04 05:47:13
639;617;মৎস্য পরিদর্শন ও মাননিয়ন্ত্রণ;মৎস্য পরিদর্শন ও মাননিয়ন্ত্রণ;1;2017-02-04 05:47:13
686;19;GUIMARA;গুইমারা;1;2017-02-04 05:47:13